GENE	SITE	ALT	DISPLAY_NAME	FEATURE
atpE	63	P		Bedaquiline
atpE	28	A		Bedaquiline
atpE	28	G		Bedaquiline
atpE	28	V		Bedaquiline
atpE	61	D		Bedaquiline
atpE	66	M		Bedaquiline
Rv0678	36	V		Bedaquiline
Rv0678	70	D		Bedaquiline
Rv0678	46	R		Bedaquiline
Rv0678	121	R		Bedaquiline
Rv0678	117	R		Bedaquiline
Rv0678	146	T		Bedaquiline
tlyA	236	K		Capreomycin
tlyA	232	D		Capreomycin
Rv0678	36	V		Clofazimine
Rv0678	70	D		Clofazimine
Rv0678	46	R		Clofazimine
Rv0678	121	R		Clofazimine
Rv0678	117	R		Clofazimine
Rv0678	146	T		Clofazimine
ddn	49	P		Delamanid
embB	328	Y		Ethambutol
embB	354	A		Ethambutol
embB	497	R		Ethambutol
embB	497	K		Ethambutol
embB	406	A		Ethambutol
embB	406	D		Ethambutol
embB	406	C		Ethambutol
embB	306	I		Ethambutol
embB	306	L		Ethambutol
embB	306	V		Ethambutol
embB	319	C		Ethambutol
ethA	341	V		Ethionamide
ethA	207	G		Ethionamide
ethA	379	D		Ethionamide
ethA	403	Y		Ethionamide
ethA	35	R		Ethionamide
ethA	390	F		Ethionamide
ethA	57	Y		Ethionamide
ethA	88	I		Ethionamide
ethA	202	G		Ethionamide
inhA	94	A		Ethionamide
inhA	94	A		Isoniazid
katG	315	R		Isoniazid
katG	315	T		Isoniazid
katG	315	N		Isoniazid
katG	315	I		Isoniazid
katG	315	T		Isoniazid
katG	328	L		Isoniazid
gyrA	90	V		Fluoroquinolones
gyrA	89	N		Fluoroquinolones
gyrA	94	A		Fluoroquinolones
gyrA	94	N		Fluoroquinolones
gyrA	94	G		Fluoroquinolones
gyrA	94	H		Fluoroquinolones
gyrA	94	Y		Fluoroquinolones
gyrA	88	A		Fluoroquinolones
gyrA	88	C		Fluoroquinolones
gyrA	91	P		Fluoroquinolones
gyrB	504	V		Fluoroquinolones
gyrB	499	D		Fluoroquinolones
gyrB	499	T		Fluoroquinolones
gyrB	461	N		Fluoroquinolones
gyrB	461	H		Fluoroquinolones
gyrB	501	D		Fluoroquinolones
gyrB	501	V		Fluoroquinolones
gyrB	447	F		Fluoroquinolones
rplC	154	R		Linezolid
gyrA	90	V		Fluoroquinolones
gyrA	89	N		Fluoroquinolones
gyrA	94	A		Fluoroquinolones
gyrA	94	N		Fluoroquinolones
gyrA	94	G		Fluoroquinolones
gyrA	94	H		Fluoroquinolones
gyrA	94	Y		Fluoroquinolones
gyrA	88	A		Fluoroquinolones
gyrA	88	C		Fluoroquinolones
gyrA	91	P		Fluoroquinolones
gyrB	504	V		Fluoroquinolones
gyrB	499	D		Fluoroquinolones
gyrB	499	T		Fluoroquinolones
gyrB	461	N		Fluoroquinolones
gyrB	461	H		Fluoroquinolones
gyrB	501	D		Fluoroquinolones
gyrB	501	V		Fluoroquinolones
gyrB	447	F		Fluoroquinolones
pncA	102	P		Pyrazinamide
pncA	102	T		Pyrazinamide
pncA	134	V		Pyrazinamide
pncA	143	G		Pyrazinamide
pncA	146	E		Pyrazinamide
pncA	146	T		Pyrazinamide
pncA	146	V		Pyrazinamide
pncA	171	E		Pyrazinamide
pncA	171	P		Pyrazinamide
pncA	3	E		Pyrazinamide
pncA	46	E		Pyrazinamide
pncA	46	V		Pyrazinamide
pncA	121	P		Pyrazinamide
pncA	140	P		Pyrazinamide
pncA	154	G		Pyrazinamide
pncA	154	M		Pyrazinamide
pncA	129	N		Pyrazinamide
pncA	12	A		Pyrazinamide
pncA	12	N		Pyrazinamide
pncA	12	E		Pyrazinamide
pncA	12	G		Pyrazinamide
pncA	136	G		Pyrazinamide
pncA	136	V		Pyrazinamide
pncA	49	A		Pyrazinamide
pncA	49	N		Pyrazinamide
pncA	49	E		Pyrazinamide
pncA	49	G		Pyrazinamide
pncA	63	A		Pyrazinamide
pncA	63	G		Pyrazinamide
pncA	8	A		Pyrazinamide
pncA	8	N		Pyrazinamide
pncA	8	E		Pyrazinamide
pncA	8	G		Pyrazinamide
pncA	8	H		Pyrazinamide
pncA	8	Y		Pyrazinamide
pncA	138	R		Pyrazinamide
pncA	14	R		Pyrazinamide
pncA	14	W		Pyrazinamide
pncA	72	R		Pyrazinamide
pncA	72	Y		Pyrazinamide
pncA	10	R		Pyrazinamide
pncA	10	H		Pyrazinamide
pncA	10	P		Pyrazinamide
pncA	141	P		Pyrazinamide
pncA	105	D		Pyrazinamide
pncA	105	V		Pyrazinamide
pncA	108	R		Pyrazinamide
pncA	108	E		Pyrazinamide
pncA	132	A		Pyrazinamide
pncA	132	D		Pyrazinamide
pncA	132	C		Pyrazinamide
pncA	162	D		Pyrazinamide
pncA	17	D		Pyrazinamide
pncA	24	D		Pyrazinamide
pncA	78	D		Pyrazinamide
pncA	78	V		Pyrazinamide
pncA	97	R		Pyrazinamide
pncA	97	D		Pyrazinamide
pncA	97	C		Pyrazinamide
pncA	97	V		Pyrazinamide
pncA	137	P		Pyrazinamide
pncA	43	P		Pyrazinamide
pncA	51	R		Pyrazinamide
pncA	51	D		Pyrazinamide
pncA	51	Q		Pyrazinamide
pncA	51	P		Pyrazinamide
pncA	51	Y		Pyrazinamide
pncA	57	R		Pyrazinamide
pncA	57	D		Pyrazinamide
pncA	57	Q		Pyrazinamide
pncA	57	L		Pyrazinamide
pncA	57	Y		Pyrazinamide
pncA	71	R		Pyrazinamide
pncA	71	P		Pyrazinamide
pncA	71	Y		Pyrazinamide
pncA	82	R		Pyrazinamide
pncA	133	T		Pyrazinamide
pncA	31	T		Pyrazinamide
pncA	6	T		Pyrazinamide
pncA	90	N		Pyrazinamide
pncA	90	T		Pyrazinamide
pncA	116	R		Pyrazinamide
pncA	116	P		Pyrazinamide
pncA	120	R		Pyrazinamide
pncA	120	Q		Pyrazinamide
pncA	120	P		Pyrazinamide
pncA	159	R		Pyrazinamide
pncA	159	P		Pyrazinamide
pncA	159	V		Pyrazinamide
pncA	172	P		Pyrazinamide
pncA	182	W		Pyrazinamide
pncA	19	P		Pyrazinamide
pncA	27	P		Pyrazinamide
pncA	35	P		Pyrazinamide
pncA	4	W		Pyrazinamide
pncA	85	R		Pyrazinamide
pncA	85	P		Pyrazinamide
pncA	48	E		Pyrazinamide
pncA	48	T		Pyrazinamide
pncA	96	R		Pyrazinamide
pncA	96	N		Pyrazinamide
pncA	96	Q		Pyrazinamide
pncA	96	E		Pyrazinamide
pncA	96	T		Pyrazinamide
pncA	175	R		Pyrazinamide
pncA	175	I		Pyrazinamide
pncA	175	T		Pyrazinamide
pncA	175	V		Pyrazinamide
pncA	106	L		Pyrazinamide
pncA	13	I		Pyrazinamide
pncA	13	L		Pyrazinamide
pncA	58	C		Pyrazinamide
pncA	58	L		Pyrazinamide
pncA	94	C		Pyrazinamide
pncA	94	L		Pyrazinamide
pncA	54	R		Pyrazinamide
pncA	54	Q		Pyrazinamide
pncA	54	L		Pyrazinamide
pncA	54	T		Pyrazinamide
pncA	62	R		Pyrazinamide
pncA	62	L		Pyrazinamide
pncA	62	T		Pyrazinamide
pncA	69	L		Pyrazinamide
pncA	104	R		Pyrazinamide
pncA	104	G		Pyrazinamide
pncA	104	I		Pyrazinamide
pncA	164	P		Pyrazinamide
pncA	59	P		Pyrazinamide
pncA	66	P		Pyrazinamide
pncA	67	P		Pyrazinamide
pncA	100	P		Pyrazinamide
pncA	114	P		Pyrazinamide
pncA	135	N		Pyrazinamide
pncA	135	P		Pyrazinamide
pncA	142	A		Pyrazinamide
pncA	142	K		Pyrazinamide
pncA	142	M		Pyrazinamide
pncA	142	P		Pyrazinamide
pncA	160	K		Pyrazinamide
pncA	160	P		Pyrazinamide
pncA	168	P		Pyrazinamide
pncA	177	P		Pyrazinamide
pncA	47	A		Pyrazinamide
pncA	47	P		Pyrazinamide
pncA	61	P		Pyrazinamide
pncA	76	I		Pyrazinamide
pncA	76	P		Pyrazinamide
pncA	119	R		Pyrazinamide
pncA	119	C		Pyrazinamide
pncA	119	G		Pyrazinamide
pncA	119	L		Pyrazinamide
pncA	68	R		Pyrazinamide
pncA	68	C		Pyrazinamide
pncA	68	G		Pyrazinamide
pncA	68	L		Pyrazinamide
pncA	103	D		Pyrazinamide
pncA	103	C		Pyrazinamide
pncA	103	H		Pyrazinamide
pncA	34	D		Pyrazinamide
pncA	64	D		Pyrazinamide
pncA	95	D		Pyrazinamide
pncA	125	G		Pyrazinamide
pncA	125	F		Pyrazinamide
pncA	128	G		Pyrazinamide
pncA	130	G		Pyrazinamide
pncA	130	M		Pyrazinamide
pncA	131	G		Pyrazinamide
pncA	131	F		Pyrazinamide
pncA	139	A		Pyrazinamide
pncA	139	G		Pyrazinamide
pncA	139	L		Pyrazinamide
pncA	139	M		Pyrazinamide
pncA	155	A		Pyrazinamide
pncA	155	G		Pyrazinamide
pncA	155	M		Pyrazinamide
pncA	163	A		Pyrazinamide
pncA	180	A		Pyrazinamide
pncA	180	G		Pyrazinamide
pncA	180	F		Pyrazinamide
pncA	21	G		Pyrazinamide
pncA	44	G		Pyrazinamide
pncA	7	A		Pyrazinamide
pncA	7	G		Pyrazinamide
pncA	7	L		Pyrazinamide
pncA	7	F		Pyrazinamide
pncA	93	A		Pyrazinamide
pncA	93	L		Pyrazinamide
pncA	9	G		Pyrazinamide
rpoB	451	G		Rifampicin
rpoB	451	V		Rifampicin
rpoB	448	Q		Rifampicin
rpoB	448	L		Rifampicin
rpoB	448	K		Rifampicin
rpoB	437	D		Rifampicin
rpoB	437	H		Rifampicin
rpoB	437	I		Rifampicin
rpoB	437	Y		Rifampicin
rpoB	438	H		Rifampicin
rpoB	435	A		Rifampicin
rpoB	435	N		Rifampicin
rpoB	435	E		Rifampicin
rpoB	435	G		Rifampicin
rpoB	435	H		Rifampicin
rpoB	435	L		Rifampicin
rpoB	435	F		Rifampicin
rpoB	435	Y		Rifampicin
rpoB	435	V		Rifampicin
rpoB	429	H		Rifampicin
rpoB	429	L		Rifampicin
rpoB	429	P		Rifampicin
rpoB	432	N		Rifampicin
rpoB	432	E		Rifampicin
rpoB	432	H		Rifampicin
rpoB	432	L		Rifampicin
rpoB	432	K		Rifampicin
rpoB	432	P		Rifampicin
rpoB	436	R		Rifampicin
rpoB	436	N		Rifampicin
rpoB	436	P		Rifampicin
rpoB	442	E		Rifampicin
rpoB	445	R		Rifampicin
rpoB	445	N		Rifampicin
rpoB	445	D		Rifampicin
rpoB	445	C		Rifampicin
rpoB	445	Q		Rifampicin
rpoB	445	G		Rifampicin
rpoB	445	L		Rifampicin
rpoB	445	F		Rifampicin
rpoB	445	P		Rifampicin
rpoB	445	T		Rifampicin
rpoB	445	Y		Rifampicin
rpoB	491	F		Rifampicin
rpoB	430	R		Rifampicin
rpoB	430	P		Rifampicin
rpoB	443	F		Rifampicin
rpoB	443	W		Rifampicin
rpoB	449	M		Rifampicin
rpoB	452	M		Rifampicin
rpoB	452	P		Rifampicin
rpoB	452	V		Rifampicin
rpoB	446	R		Rifampicin
rpoB	446	Q		Rifampicin
rpoB	446	E		Rifampicin
rpoB	446	T		Rifampicin
rpoB	434	R		Rifampicin
rpoB	434	I		Rifampicin
rpoB	434	L		Rifampicin
rpoB	434	T		Rifampicin
rpoB	434	V		Rifampicin
rpoB	439	A		Rifampicin
rpoB	439	L		Rifampicin
rpoB	428	R		Rifampicin
rpoB	428	G		Rifampicin
rpoB	428	I		Rifampicin
rpoB	428	T		Rifampicin
rpoB	431	R		Rifampicin
rpoB	431	N		Rifampicin
rpoB	431	G		Rifampicin
rpoB	431	T		Rifampicin
rpoB	441	A		Rifampicin
rpoB	441	Q		Rifampicin
rpoB	441	L		Rifampicin
rpoB	441	K		Rifampicin
rpoB	441	M		Rifampicin
rpoB	441	W		Rifampicin
rpoB	441	V		Rifampicin
rpoB	450	A		Rifampicin
rpoB	450	C		Rifampicin
rpoB	450	Q		Rifampicin
rpoB	450	G		Rifampicin
rpoB	450	L		Rifampicin
rpoB	450	M		Rifampicin
rpoB	450	F		Rifampicin
rpoB	450	W		Rifampicin
rpoB	450	Y		Rifampicin
rpoB	450	V		Rifampicin
rpoB	427	A		Rifampicin
rpoB	427	N		Rifampicin
rpoB	427	G		Rifampicin
rpoB	427	I		Rifampicin
rpoB	427	P		Rifampicin
rpoB	444	I		Rifampicin
rpoB	444	P		Rifampicin
rpoB	170	F		Rifampicin
gid	134	E		Streptomycin
gid	200	E		Streptomycin
gid	67	H		Streptomycin
gid	73	A		Streptomycin
gid	73	E		Streptomycin
gid	48	Q		Streptomycin
gid	84	L		Streptomycin
gid	70	N		Streptomycin
gid	105	E		Streptomycin
rpsL	43	R		Streptomycin
rpsL	88	R		Streptomycin
rpsL	88	Q		Streptomycin
rpsL	88	M		Streptomycin
nuc	2715338	T	eis: G-6T	Kanamycin
nuc	2715342	A	eis: G-10A	Kanamycin
nuc	2715342	C	eis: G-10C	Kanamycin
nuc	2715344	T	eis: C-12T	Kanamycin
nuc	2715345	G	eis: A-13G	Kanamycin
nuc	2715346	T	eis: C-14T	Kanamycin Capreomycin
nuc	2715347	T	eis: C-15T	Kanamycin
nuc	2715369	T	eis: G-37T	Kanamycin
nuc	1472358	T	rrs: C513T	Streptomycin
nuc	1472359	C	rrs: A514C	Streptomycin
nuc	1472361	T	rrs: C516T	Streptomycin
nuc	1472362	T	rrs: C517T	Streptomycin
nuc	1472749	G	rrs: C904G	Streptomycin
nuc	1472749	A	rrs: C904A	Streptomycin
nuc	1472751	G	rrs: A906G	Streptomycin
nuc	1472752	T	rrs: A907T	Streptomycin
nuc	1473246	G	rrs: A1401G	Amikacin Capreomycin Kanamycin
nuc	1473247	T	rrs: C1402T	Capreomycin
nuc	1473329	T	rrs: G1484T	Amikacin Capreomycin
nuc	1673423	T	fabG1: G-17T	Isoniazid Ethionamide
nuc	1673425	T	fabG1: C-15T	Isoniazid Ethionamide
nuc	1673432	C	fabG1: T-8C	Isoniazid Ethionamide
nuc	4327480	C	ethA_c.-7T>C	Ethionamide
nuc	1674048	A	inhA_c.-154G>A	Isoniazid Ethionamide
nuc	1673432	A	inhA_c.-770T>A	Isoniazid Ethionamide
nuc	1673432	C	inhA_c.-770T>C	Isoniazid Ethionamide
nuc	1673432	G	inhA_c.-770T>G	Isoniazid Ethionamide
nuc	1673424	G	inhA_c.-778A>G	Isoniazid Ethionamide
nuc	1673423	T	inhA_c.-779G>T	Isoniazid Ethionamide
nuc	1674048	A	inhA_c.-154G>A	Isoniazid Ethionamide
nuc	1475927	C	rrl_n.2270G>C	Linezolid
nuc	1475927	T	rrl_n.2270G>T	Linezolid
nuc	1475956	T	rrl_n.2299G>T	Linezolid
nuc	1476346	T	rrl_n.2689A>T	Linezolid
nuc	1476403	A	rrl_n.2746G>A	Linezolid
nuc	1476471	T	rrl_n.2814G>T	Linezolid
nuc	2289252	C	pncA_c.-11A>C	Pyrazinamide
nuc	2289252	G	pncA_c.-11A>G	Pyrazinamide
nuc	2289252	T	pncA_c.-11A>T	Pyrazinamide
nuc	2289253	C	pncA_c.-12T>C	Pyrazinamide
nuc	2289248	C	pncA_c.-7T>C	Pyrazinamide
pepQ	5	*		Bedaquiline
Rv0678	132	*		Bedaquiline
Rv0678	134	*		Bedaquiline
Rv0678	156	*		Bedaquiline
Rv0678	38	*		Bedaquiline
Rv0678	115	*		Bedaquiline
Rv0678	22	*		Bedaquiline
Rv0678	76	*		Bedaquiline
Rv0678	113	*		Bedaquiline
Rv0678	138	*		Bedaquiline
Rv0678	147	*		Bedaquiline
Rv0678	53	*		Bedaquiline
Rv0678	42	*		Bedaquiline
Rv0678	145	*		Bedaquiline
Rv0678	157	*		Bedaquiline
Rv0678	92	*		Bedaquiline
tlyA	18	*		Capreomycin
tlyA	3	*		Capreomycin
tlyA	117	*		Capreomycin
tlyA	184	*		Capreomycin
tlyA	21	*		Capreomycin
tlyA	22	*		Capreomycin
tlyA	25	*		Capreomycin
tlyA	66	*		Capreomycin
tlyA	156	*		Capreomycin
tlyA	159	*		Capreomycin
Rv0678	156	*		Clofazimine
Rv0678	38	*		Clofazimine
Rv0678	115	*		Clofazimine
Rv0678	22	*		Clofazimine
Rv0678	76	*		Clofazimine
Rv0678	113	*		Clofazimine
Rv0678	138	*		Clofazimine
Rv0678	145	*		Clofazimine
ddn	139	*		Delamanid
ddn	20	*		Delamanid
ddn	88	*		Delamanid
ethA	279	*		Ethionamide
ethA	292	*		Ethionamide
ethA	421	*		Ethionamide
ethA	65	*		Ethionamide
ethA	131	*		Ethionamide
ethA	253	*		Ethionamide
ethA	294	*		Ethionamide
ethA	121	*		Ethionamide
ethA	165	*		Ethionamide
ethA	206	*		Ethionamide
ethA	215	*		Ethionamide
ethA	246	*		Ethionamide
ethA	24	*		Ethionamide
ethA	254	*		Ethionamide
ethA	269	*		Ethionamide
ethA	271	*		Ethionamide
ethA	291	*		Ethionamide
ethA	347	*		Ethionamide
ethA	359	*		Ethionamide
ethA	360	*		Ethionamide
ethA	449	*		Ethionamide
ethA	73	*		Ethionamide
ethA	132	*		Ethionamide
ethA	155	*		Ethionamide
ethA	332	*		Ethionamide
ethA	427	*		Ethionamide
ethA	476	*		Ethionamide
ethA	293	*		Ethionamide
ethA	103	*		Ethionamide
ethA	241	*		Ethionamide
ethA	394	*		Ethionamide
ethA	86	*		Ethionamide
ethA	197	*		Ethionamide
ethA	208	*		Ethionamide
ethA	399	*		Ethionamide
ethA	109	*		Ethionamide
ethA	116	*		Ethionamide
ethA	167	*		Ethionamide
ethA	21	*		Ethionamide
ethA	228	*		Ethionamide
ethA	240	*		Ethionamide
ethA	256	*		Ethionamide
ethA	289	*		Ethionamide
ethA	391	*		Ethionamide
ethA	455	*		Ethionamide
ethA	45	*		Ethionamide
ethA	69	*		Ethionamide
ethA	140	*		Ethionamide
ethA	143	*		Ethionamide
ethA	147	*		Ethionamide
ethA	211	*		Ethionamide
ethA	250	*		Ethionamide
ethA	276	*		Ethionamide
ethA	32	*		Ethionamide
ethA	369	*		Ethionamide
ethA	382	*		Ethionamide
ethA	386	*		Ethionamide
ethA	408	*		Ethionamide
ethA	438	*		Ethionamide
ethA	461	*		Ethionamide
ethA	60	*		Ethionamide
ethA	84	*		Ethionamide
ethA	92	*		Ethionamide
katG	171	*		Isoniazid
katG	352	*		Isoniazid
katG	88	*		Isoniazid
katG	588	*		Isoniazid
katG	607	*		Isoniazid
katG	175	*		Isoniazid
katG	671	*		Isoniazid
katG	107	*		Isoniazid
katG	149	*		Isoniazid
katG	161	*		Isoniazid
katG	198	*		Isoniazid
katG	204	*		Isoniazid
katG	300	*		Isoniazid
katG	321	*		Isoniazid
katG	351	*		Isoniazid
katG	397	*		Isoniazid
katG	39	*		Isoniazid
katG	412	*		Isoniazid
katG	438	*		Isoniazid
katG	477	*		Isoniazid
katG	505	*		Isoniazid
katG	668	*		Isoniazid
katG	689	*		Isoniazid
katG	728	*		Isoniazid
katG	90	*		Isoniazid
katG	113	*		Isoniazid
katG	155	*		Isoniazid
katG	28	*		Isoniazid
katG	413	*		Isoniazid
pncA	14	*		Pyrazinamide
pncA	10	*		Pyrazinamide
pncA	122	*		Pyrazinamide
pncA	141	*		Pyrazinamide
pncA	107	*		Pyrazinamide
pncA	111	*		Pyrazinamide
pncA	144	*		Pyrazinamide
pncA	15	*		Pyrazinamide
pncA	173	*		Pyrazinamide
pncA	174	*		Pyrazinamide
pncA	181	*		Pyrazinamide
pncA	91	*		Pyrazinamide
pncA	101	*		Pyrazinamide
pncA	164	*		Pyrazinamide
pncA	18	*		Pyrazinamide
pncA	66	*		Pyrazinamide
pncA	67	*		Pyrazinamide
pncA	119	*		Pyrazinamide
pncA	68	*		Pyrazinamide
pncA	103	*		Pyrazinamide
pncA	34	*		Pyrazinamide
pncA	41	*		Pyrazinamide
pncA	64	*		Pyrazinamide
pncA	95	*		Pyrazinamide
pncA	99	*		Pyrazinamide
gid	102	*		Streptomycin
gid	158	*		Streptomycin
gid	206	*		Streptomycin
gid	213	*		Streptomycin
gid	52	*		Streptomycin
gid	125	*		Streptomycin
gid	127	*		Streptomycin
gid	87	*		Streptomycin
gid	103	*		Streptomycin
gid	121	*		Streptomycin
gid	165	*		Streptomycin
gid	170	*		Streptomycin
gid	173	*		Streptomycin
gid	40	*		Streptomycin
gid	60	*		Streptomycin
gid	92	*		Streptomycin
gid	99	*		Streptomycin
gid	13	*		Streptomycin
gid	28	*		Streptomycin
gid	37	*		Streptomycin
gid	71	*		Streptomycin
gid	26	*		Streptomycin
gid	74	*		Streptomycin
gid	79	*		Streptomycin
gid	144	*		Streptomycin
gid	163	*		Streptomycin
gid	136	*		Streptomycin
gid	181	*		Streptomycin
gid	123	*		Streptomycin
gid	148	*		Streptomycin
gid	45	*		Streptomycin
gid	195	*		Streptomycin
gid	22	*		Streptomycin